name,sku,description,price,compareAtPrice,stockQuantity,minStockAlert,requiresPrescription,isFeatured,dosageForm,strength,activeIngredients,manufacturer,categoryName
Rosuvastatin 5mg Tablets,ROS-5MG-TAB,HMG-CoA reductase inhibitor (statin) used to lower LDL cholesterol and reduce cardiovascular risk.,171.09,195.00,100,10,true,false,Tablet,5mg,Rosuvastatin Calcium,Glenmark,Cardiovascular
Doxycycline 100mg Capsules,DOX-100-CAP,"Tetracycline antibiotic used to treat bacterial infections, acne, respiratory infections, and malaria prophylaxis.",23.86,28.00,150,15,true,false,Capsule,100mg,Doxycycline Hyclate,Accord,Antibiotics
Ferrous Sulfate 200mg Tablets - Pharmaboost,FER-200-PB,Iron supplement for the prevention and treatment of iron-deficiency anemia.,60.00,70.00,200,20,false,false,Tablet,200mg,Ferrous Sulfate,Pharmaboost,Vitamins & Supplements
Ferrous Sulfate 200mg Tablets - Trion Pharma,FER-200-TRI,Oral iron supplement used to replenish iron stores and combat fatigue in iron-deficiency anemia.,29.50,35.00,200,20,false,false,Tablet,200mg,Ferrous Sulfate,Trion Pharma Ltd,Vitamins & Supplements
Spironolactone 25mg Tablets,SPI-25MG-TAB,"Potassium-sparing diuretic and aldosterone antagonist for hypertension, heart failure, and edema.",115.00,130.00,100,10,true,false,Tablet,25mg,Spironolactone,Relon Chem,Cardiovascular
Rivaroxaban 20mg Tablets,RIV-20MG-TAB,Direct oral anticoagulant (DOAC) factor Xa inhibitor for deep vein thrombosis prevention and stroke reduction in AF.,33.00,40.00,80,10,true,false,Tablet,20mg,Rivaroxaban,Teva,Cardiovascular
Ramipril 5mg Tablets - Crescent,RAM-5MG-CRE,"ACE inhibitor used to treat high blood pressure, heart failure, and improve survival after myocardial infarction.",187.00,210.00,120,15,true,false,Tablet,5mg,Ramipril,Crescent Pharma,Cardiovascular
Bisoprolol 5mg Tablets - Ipca,BIS-5MG-IPC,"Cardioselective beta-1 blocker used in the management of hypertension, angina, and heart failure.",18.00,22.00,150,15,true,false,Tablet,5mg,Bisoprolol Fumarate,Ipca Laboratories,Cardiovascular
Benzydamine 0.15% Oromucosal Spray,BEN-015-SPR,Locally acting NSAID spray providing rapid relief of pain and inflammation in the mouth and throat.,82.00,95.00,60,10,false,false,Oromucosal Spray,0.15%,Benzydamine Hydrochloride,Abdi Farma,Oral Care
Mebeverine 135mg Tablets,MEB-135-TAB,Direct antispasmodic for smooth muscle relief in irritable bowel syndrome (IBS) and intestinal colic.,163.00,185.00,100,10,false,false,Tablet,135mg,Mebeverine Hydrochloride,Milpharm Limited,Gastrointestinal
Water for Injection 10mL Ampoules - Hameln,WFI-10ML-HAM,"Sterile, non-pyrogenic solvent for reconstitution or dilution of injectable medications.",68.95,80.00,200,20,false,false,Injection,10mL,Sterile Water for Injection,Hameln Pharma LTD,Medical Supplies
Midazolam 5mg/mL Injection,MID-5MG-INJ,"Short-acting benzodiazepine injection for procedural sedation, anesthesia induction, and seizure control.",348.00,390.00,40,5,true,false,Injection,5mg/mL,Midazolam,Hameln,Prescription Drugs
Vizhyd 0.1% Eye Drops (10mL),VIZ-01-10ML,"Lubricating ophthalmic solution with sodium hyaluronate for dry eyes, irritation, and ocular discomfort.",146.00,165.00,80,10,false,false,Eye Drops,0.1% (10mL),Sodium Hyaluronate,East Midland Pharma LTD,Eye Care
Eyeaze 1% Eye Drops,EYE-1PCT-DRP,Carbonic anhydrase inhibitor eye drops used to reduce intraocular pressure in glaucoma and ocular hypertension.,118.00,135.00,60,10,true,false,Eye Drops,1%,Brinzolamide,Ridge Pharma,Eye Care
Hylo-Night Eye Ointment,HYL-NGT-ONT,Preservative-free nighttime ocular ointment with Vitamin A for prolonged dry eye relief during sleep.,115.00,130.00,70,10,false,false,Eye Ointment,Standard,Vitamin A (Retinol Palmitate),Ursapharm,Eye Care
Buscopan 20mg/mL Injection,BUS-20MG-INJ,"Antispasmodic injection for acute smooth muscle spasms of gastrointestinal, biliary, and genitourinary tracts.",62.02,75.00,100,10,true,false,Injection,20mg/mL,Hyoscine Butylbromide,Sanofi,Gastrointestinal
Ramipril 10mg Tablets - Noumed,RAM-10MG-NOU,High-strength ACE inhibitor for blood pressure control and reduction of cardiovascular mortality.,185.00,210.00,100,10,true,false,Tablet,10mg,Ramipril,Noumed,Cardiovascular
Fexofenadine 120mg Tablets,FEX-120-NOU,"Non-drowsy second-generation antihistamine for allergic rhinitis, hay fever, and hives.",139.00,160.00,120,15,false,false,Tablet,120mg,Fexofenadine Hydrochloride,Noumed,Allergy & Cold
Allopurinol 100mg Tablets,ALL-100-IPC,Xanthine oxidase inhibitor used for long-term prevention of gout attacks and uric acid kidney stones.,17.75,22.00,150,15,true,false,Tablet,100mg,Allopurinol,Ipca Laboratories,Pain Relief
Naproxen 250mg Tablets,NAP-250-CRE,"NSAID providing long-lasting relief from inflammation, musculoskeletal pain, arthritis, and dysmenorrhea.",133.00,150.00,120,15,true,false,Tablet,250mg,Naproxen,Crescent Pharma,Pain Relief
Progesterone 100mg Capsules,PRO-100-ZEN,"Micronised bioidentical progesterone for luteal phase support, HRT regimens, and menstrual cycle regulation.",151.00,175.00,80,10,true,false,Capsule,100mg,Progesterone,Zentiva,Women Health
Sodium Bicarbonate Ear Drops,SOD-BIC-DRP,Gentle ear drops formulated to soften hardened ear wax and facilitate ear syringing or natural clearance.,49.00,58.00,100,10,false,false,Ear Drops,5%,Sodium Bicarbonate,Essential Healthcare,Ear Care
Oxybutynin 5mg Tablets,OXY-5MG-STR,"Anticholinergic bladder relaxant used to treat overactive bladder, urinary urgency, and frequency.",131.00,150.00,90,10,true,false,Tablet,5mg,Oxybutynin Hydrochloride,Strides Pharma,Men Health
Cini Optic HA 0.21% Eye Drops,CIN-021-DRP,High-concentration hyaluronic acid eye drops for intense hydration and sustained ocular surface comfort.,131.00,150.00,70,10,false,false,Eye Drops,0.21%,Sodium Hyaluronate,Pentan Healthcare,Eye Care
Gliclazide 80mg Tablets - Genesis,GLI-80MG-GEN,Sulfonylurea antidiabetic agent that stimulates insulin secretion in Type 2 Diabetes management.,33.20,40.00,150,15,true,false,Tablet,80mg,Gliclazide,Genesis Pharmaceuticals,Diabetes Care
Gliclazide 80mg Tablets - Crescent,GLI-80MG-CRE,Oral hypoglycemic tablet for glycemic control in non-insulin-dependent Type 2 Diabetes.,34.50,42.00,150,15,true,false,Tablet,80mg,Gliclazide,Crescent Pharma,Diabetes Care
Water for Injection 5mL Ampoules - Hameln,WFI-5ML-HAM,Sterile solvent ampoules for reconstituting lyophilized drugs and compounding injectables.,20.06,25.00,250,25,false,false,Injection,5mL,Sterile Water for Injection,Hameln,Medical Supplies
Paracetamol 500mg Tablets - Zentiva,PAR-500-ZEN,"Essential analgesic and antipyretic for mild to moderate aches, headaches, and fever reduction.",33.00,40.00,300,30,false,true,Tablet,500mg,Paracetamol,Zentiva,Pain Relief
Paracetamol 500mg Tablets - Crescent,PAR-500-CRE,Everyday pain and fever relief tablets with reliable rapid absorption.,36.30,42.00,300,30,false,true,Tablet,500mg,Paracetamol,Crescent Pharma,Pain Relief
Paracetamol 500mg Tablets - Ipca,PAR-500-IPC,High-quality Paracetamol tablets providing dependable pain and fever relief.,10.18,14.00,300,30,false,true,Tablet,500mg,Paracetamol,Ipca Laboratories,Pain Relief
Thealoz Duo Eye Drops,THE-DUO-DRP,Advanced bioprotection & hydration dry eye drops combining Trehalose and Sodium Hyaluronate.,198.00,225.00,60,10,false,false,Eye Drops,Standard (10mL),Trehalose + Sodium Hyaluronate,Thea Laboratories,Eye Care
Ventolin Evohaler 100mcg,VEN-100-EVO,Fast-acting bronchodilator inhaler providing immediate relief from asthma attacks and bronchospasms.,91.00,105.00,150,20,true,true,Inhaler,100mcg,Salbutamol Sulfate,GlaxoSmithKline (GSK),Respiratory
Chlorphenamine 4mg Tablets,CHL-4MG-CRE,"First-generation antihistamine for fast relief from allergic reactions, insect bites, chickenpox itching, and urticaria.",62.00,72.00,150,15,false,false,Tablet,4mg,Chlorphenamine Maleate,Crescent Pharma,Allergy & Cold
Hylo-Care Eye Drops,HYL-CAR-DRP,Ophthalmic moisturizing solution with dexpanthenol to support corneal epithelial healing and dry eye relief.,195.00,220.00,60,10,false,false,Eye Drops,Standard (10mL),Sodium Hyaluronate + Dexpanthenol,Ursapharm,Eye Care
Aspirin 75mg Gastro-Resistant Tablets - Almus,ASP-75MG-ALM,Low-dose enteric-coated antiplatelet aspirin for secondary cardiovascular and stroke prevention.,57.00,68.00,200,20,false,false,Tablet,75mg,Aspirin (Acetylsalicylic Acid),Almus,Cardiovascular
Aspirin 75mg Dispersible Tablets - Aspar,ASP-75MG-ASP,Dispersible low-dose cardioprotective aspirin providing rapid platelet inhibition.,210.25,240.00,150,15,false,false,Tablet,75mg,Aspirin (Acetylsalicylic Acid),Aspar Pharmaceuticals,Cardiovascular
Amlodipine 5mg Tablets - Sandoz,AML-5MG-SAN,Dihydropyridine calcium channel blocker for hypertension and chronic stable angina.,20.00,26.00,200,20,true,false,Tablet,5mg,Amlodipine Besilate,Sandoz,Cardiovascular
Amlodipine 5mg Tablets - Crescent,AML-5MG-CRE,Long-acting calcium channel blocker for daily blood pressure control.,61.00,72.00,180,20,true,false,Tablet,5mg,Amlodipine Besilate,Crescent Pharma,Cardiovascular
Amlodipine 10mg Tablets - Sandoz,AML-10MG-SAN,Higher dose calcium channel blocker for resistant hypertension and angina pectoris.,14.00,18.00,180,20,true,false,Tablet,10mg,Amlodipine Besilate,Sandoz,Cardiovascular
Ovex Family Pack Tablets (Mebendazole),OVX-FAM-PCK,Single-dose family deworming pack containing Mebendazole to treat threadworms and intestinal pinworms.,180.00,210.00,80,10,false,false,Tablet,100mg,Mebendazole,McNeil Products Limited,Digestive Health
Brinzolamide 10mg/mL Eye Drops - Sandoz,BRZ-10MG-SAN,Ophthalmic suspension to lower elevated intraocular pressure in open-angle glaucoma.,155.00,175.00,60,10,true,false,Eye Drops,10mg/mL,Brinzolamide,Sandoz,Eye Care
Empagliflozin 10mg Tablets (Jardiance),EMP-10MG-TAB,SGLT2 inhibitor for blood sugar reduction in Type 2 Diabetes and cardiovascular risk reduction in heart failure.,778.60,850.00,50,5,true,false,Tablet,10mg,Empagliflozin,Boehringer Ingelheim,Diabetes Care
Hypromellose 0.3% Eye Drops,HYP-03-DRP,"Artificial tears lubricant soothing dry, gritty, and tired eyes caused by screens or wind.",75.00,88.00,100,10,false,false,Eye Drops,0.3%,Hypromellose,Trion Pharma,Eye Care
Olig Ear Drops,OLI-EAR-DRP,Antimicrobial and astringent ear drops for maintaining ear canal hygiene and preventing swimmer ear.,311.00,350.00,50,5,false,false,Ear Drops,Standard,Acetic Acid / Mineral Solution,Renascience,Ear Care
Hylo-Night Eye Ointment - Ursa Pharm,HYL-NGT-URS,Vitamin A enriched nighttime lubricating ointment for overnight corneal protection.,115.00,130.00,70,10,false,false,Eye Ointment,Standard,Vitamin A (Retinol Palmitate),Ursapharm,Eye Care
Clarithromycin 500mg Tablets - Sandoz,CLA-500-SAN,"Macrolide antibiotic used for respiratory tract infections, skin infections, and H. pylori eradication.",155.00,175.00,100,10,true,false,Tablet,500mg,Clarithromycin,Sandoz,Antibiotics
Atorvastatin 40mg Tablets - Sandoz,ATO-40MG-SAN,Potent statin therapy for severe hypercholesterolemia and secondary prevention of cardiovascular events.,75.00,90.00,120,15,true,false,Tablet,40mg,Atorvastatin Calcium,Sandoz,Cardiovascular
Amitriptyline 10mg Tablets - Flamingo,AMI-10MG-FLA,"Tricyclic agent for neuropathic pain management, migraine prophylaxis, and tension headache prevention.",28.00,35.00,100,10,true,false,Tablet,10mg,Amitriptyline Hydrochloride,Flamingo Pharma,Mental Health
Amitriptyline 10mg Tablets - Accord,AMI-10MG-ACC,"Tricyclic medication indicated for chronic nerve pain relief, fibromyalgia, and migraine prevention.",8.90,12.00,150,15,true,false,Tablet,10mg,Amitriptyline Hydrochloride,Accord Healthcare,Mental Health
Xailin Night Ointment,XAI-NGT-ONT,Preservative-free ophthalmic lubricant ointment providing a long-lasting moisture barrier for severe dry eye.,74.00,85.00,80,10,false,false,Eye Ointment,5g,White Soft Paraffin + Mineral Oil,VisuFarma,Eye Care
Metformin 500mg Tablets,MET-500-GEN,First-line biguanide oral hypoglycemic medication for managing blood glucose in Type 2 Diabetes.,27.45,34.00,250,25,true,true,Tablet,500mg,Metformin Hydrochloride,Generic,Diabetes Care
Optanol 0.1% Eye Drops (Patanol),OPT-01-NOV,Antihistamine and mast cell stabilizer eye drops for treating allergic conjunctivitis and itchy eyes.,101.00,120.00,70,10,true,false,Eye Drops,0.1%,Olopatadine Hydrochloride,Novartis,Eye Care
Empagliflozin 25mg Tablets (Jardiance),EMP-25MG-TAB,"High-strength SGLT2 inhibitor providing glycemic control, weight benefit, and heart failure protection.",766.67,840.00,50,5,true,false,Tablet,25mg,Empagliflozin,Boehringer Ingelheim,Diabetes Care
Apixaban 5mg Tablets (Eliquis Generic),API-5MG-SAN,Novel oral factor Xa inhibitor anticoagulant for stroke prevention in non-valvular atrial fibrillation.,872.00,950.00,40,5,true,false,Tablet,5mg,Apixaban,Sandoz,Cardiovascular
Cetirizine 10mg Tablets - Indoco,CET-10MG-IND,"Rapid-acting antihistamine for hay fever, allergic rhinitis, and urticarial skin reactions.",15.00,20.00,200,20,false,false,Tablet,10mg,Cetirizine Hydrochloride,Indoco Remedies,Allergy & Cold
Cetirizine 10mg Tablets - Crescent,CET-10MG-CRE,"Daily allergy relief tablet targeting sneezing, runny nose, itchy throat, and skin allergies.",46.00,55.00,200,20,false,false,Tablet,10mg,Cetirizine Hydrochloride,Crescent Pharma,Allergy & Cold
Esomeprazole 40mg Tablets - Ethypharm,ESO-40MG-ETH,High-potency proton pump inhibitor (PPI) for healing erosive esophagitis and severe GERD.,320.00,360.00,80,10,true,false,Tablet,40mg,Esomeprazole Magnesium,Ethypharm,Gastrointestinal
Quetiapine 25mg Tablets,QUE-25MG-CRE,"Atypical antipsychotic indicated for bipolar disorder, schizophrenia, and adjunct treatment of major depressive episodes.",205.00,235.00,60,10,true,false,Tablet,25mg,Quetiapine Fumarate,Crescent Pharma,Mental Health
Germolene Antiseptic Cream Dual Action (30g),GER-30G-BAY,"Antiseptic and local anesthetic cream for cuts, grazes, minor burns, and blisters with soothing action.",41.00,50.00,100,10,false,false,Cream,30g,Phenol + Chlorhexidine Digluconate,Bayer,First Aid
Omeprazole 20mg Capsules - Glenmark,OME-20MG-GLE,"Proton pump inhibitor for heartburn, acid indigestion, and peptic ulcer treatment.",40.00,48.00,200,20,false,false,Capsule,20mg,Omeprazole,Glenmark,Gastrointestinal
Omeprazole 20mg Capsules - Almus,OME-20MG-ALM,Gastro-resistant capsules for gastric acid reduction and ulcer prophylaxis.,34.00,42.00,200,20,false,false,Capsule,20mg,Omeprazole,Almus,Gastrointestinal
Omeprazole 20mg Capsules - Sandoz,OME-20MG-SAN,Dependable acid reflux and heartburn relief capsules.,25.30,32.00,200,20,false,false,Capsule,20mg,Omeprazole,Sandoz,Gastrointestinal
Solifenacin 10mg Tablets,SOL-10MG-CRE,Competitive muscarinic receptor antagonist for overactive bladder symptoms with urge incontinence.,205.00,235.00,70,10,true,false,Tablet,10mg,Solifenacin Succinate,Crescent Pharma,Men Health
Semaglutide 14mg Tablets (Rybelsus),SEM-14MG-RYB,Oral GLP-1 receptor agonist for Type 2 Diabetes glycemic control and weight reduction management.,2575.00,2850.00,30,5,true,true,Tablet,14mg,Semaglutide,Novo Nordisk / Servipharm,Diabetes Care
Atorvastatin 20mg Tablets - Hillcross,ATO-20MG-HIL,Statin medication for cholesterol reduction and cardiovascular disease prevention.,64.00,75.00,150,15,true,false,Tablet,20mg,Atorvastatin Calcium,Hillcross Pharma,Cardiovascular
Atorvastatin 20mg Tablets - Sandoz,ATO-20MG-SAN,Standard lipid-lowering therapy for hyperlipidemia and coronary heart disease risk management.,45.00,55.00,150,15,true,false,Tablet,20mg,Atorvastatin Calcium,Sandoz,Cardiovascular
Atorvastatin 10mg Tablets - Sandoz,ATO-10MG-SAN,Initial dose statin for LDL cholesterol reduction.,45.00,55.00,150,15,true,false,Tablet,10mg,Atorvastatin Calcium,Sandoz,Cardiovascular
Atorvastatin 10mg Tablets - Flamingo,ATO-10MG-FLA,Lipid-regulating medication reducing cardiovascular risk factors.,41.00,50.00,150,15,true,false,Tablet,10mg,Atorvastatin Calcium,Flamingo Pharma,Cardiovascular
Atorvastatin 10mg Tablets - Sun Pharma,ATO-10MG-SUN,Affordable cholesterol-lowering medication for cardiovascular wellness.,35.00,42.00,150,15,true,false,Tablet,10mg,Atorvastatin Calcium,Sun Pharma,Cardiovascular
Fucidin 2% Cream,FUC-2PCT-CRM,Topical antibacterial cream targeting primary and secondary skin infections caused by Staph and Strep.,125.00,145.00,80,10,true,false,Cream,2%,Fusidic Acid,Leo Laboratories,Antibiotics
Buscopan 10mg Tablets,BUS-10MG-OPE,Targeted abdominal cramping and irritable bowel syndrome relief tablets.,203.00,230.00,100,10,false,false,Tablet,10mg,Hyoscine Butylbromide,Opella Healthcare / Sanofi,Gastrointestinal
Bumetanide 1mg Tablets,BUM-1MG-TEV,"Loop diuretic used to treat edema associated with congestive heart failure, hepatic and renal disease.",82.00,95.00,90,10,true,false,Tablet,1mg,Bumetanide,Teva,Cardiovascular
Penicillin V 250mg Tablets,PEN-250-RUD,"Oral penicillin antibiotic for streptococcal pharyngitis, skin infections, and rheumatic fever prophylaxis.",124.91,145.00,100,10,true,false,Tablet,250mg,Phenoxymethylpenicillin Potassium,Rudi Pharm,Antibiotics
Flucloxacillin 500mg Capsules - Kent,FLU-500-KEN,"Beta-lactamase resistant penicillin antibiotic treating cellulitis, impetigo, and wound infections.",139.00,160.00,120,15,true,false,Capsule,500mg,Flucloxacillin Sodium,Kent Pharma,Antibiotics
Flucloxacillin 500mg Capsules - Medreich,FLU-500-MED,Staphylococcal infection-fighting antibiotic capsules with high tissue penetration.,131.00,150.00,120,15,true,false,Capsule,500mg,Flucloxacillin Sodium,Medreich,Antibiotics
Ferrous Fumarate 210mg Tablets - Remedy,FER-FUM-REM,High-elemental iron tablets for prevention and cure of iron-deficiency anemia.,74.00,85.00,150,15,false,false,Tablet,210mg,Ferrous Fumarate,Remedy Healthcare,Vitamins & Supplements
Ferrous Fumarate 210mg Tablets - Trion,FER-FUM-TRI,Oral iron supplement providing elemental iron to boost hemoglobin levels.,74.00,85.00,150,15,false,false,Tablet,210mg,Ferrous Fumarate,Trion Pharma,Vitamins & Supplements
Folic Acid 5mg Tablets - Relon Chem,FOL-5MG-REL,Essential B-vitamin for folate deficiency anemia and neural tube defect prevention in pregnancy.,61.00,70.00,200,20,false,false,Tablet,5mg,Folic Acid (Vitamin B9),Relon Chem,Vitamins & Supplements
Folic Acid 5mg Tablets - Crescent,FOL-5MG-CRE,High-potency folic acid supplement promoting healthy cell division and RBC development.,62.00,72.00,200,20,false,false,Tablet,5mg,Folic Acid (Vitamin B9),Crescent Pharma,Vitamins & Supplements
Folic Acid 5mg Tablets - Accord,FOL-5MG-ACC,Affordable daily folate supplementation for prenatal care and hematologic wellness.,28.00,35.00,200,20,false,false,Tablet,5mg,Folic Acid (Vitamin B9),Accord Healthcare,Vitamins & Supplements
Fexofenadine 180mg Tablets,FEX-180-ZEN,Maximum-strength non-drowsy 24-hour antihistamine for chronic idiopathic urticaria and severe allergies.,246.00,280.00,100,10,false,false,Tablet,180mg,Fexofenadine Hydrochloride,Zentiva,Allergy & Cold
Salamol Inhaler 100mcg (CFC-Free),SAL-100-IVA,Metered dose Salbutamol inhaler for rapid bronchospasm relief and asthma management.,49.89,60.00,150,15,true,false,Inhaler,100mcg,Salbutamol Sulfate,Ivax Pharmaceuticals / Teva,Respiratory
Finasteride 5mg Tablets,FIN-5MG-CIP,5-alpha reductase inhibitor for benign prostatic hyperplasia (BPH) symptom reduction and urinary flow improvement.,163.00,185.00,80,10,true,false,Tablet,5mg,Finasteride,Cipla,Men Health
Metrosa 0.75% Gel (40g),MET-075-BEA,Topical metronidazole gel for the treatment of inflammatory papules and pustules of rosacea.,459.00,510.00,40,5,true,false,Gel,0.75% (40g),Metronidazole,Beaumont Pharma,Personal Care
Hydrocortisone 1% Cream (15g) - Strides,HYD-1PCT-STR,"Mild topical corticosteroid for relief of eczema, dermatitis, insect bites, and allergic skin irritation.",69.00,80.00,120,15,false,false,Cream,1% (15g),Hydrocortisone,Strides Pharma,Personal Care
Hydrocortisone 1% Cream (15g) - Numark,HYD-1PCT-NUM,Soothing anti-itch hydrocortisone cream for skin rash and allergic flare-ups.,74.00,85.00,120,15,false,false,Cream,1% (15g),Hydrocortisone,Numark,Personal Care
Vitamin B Complex Strong Tablets,VIT-BCO-BEL,"High-potency B-complex supplement providing Thiamine (B1), Riboflavin (B2), Nicotinamide (B3), and Pyridoxine (B6).",41.00,50.00,200,20,false,false,Tablet,Standard,"Vitamin B Complex (B1, B2, B3, B6)",Bell's Healthcare,Vitamins & Supplements
Hydrocortisone 1% Cream (30g),HYD-1PCT-30G,Economy size hydrocortisone cream for larger surface area eczema and inflammatory dermatoses.,46.97,58.00,150,15,false,false,Cream,1% (30g),Hydrocortisone,Generic,Personal Care
Losartan 50mg Tablets - Ipca,LOS-50MG-IPC,Angiotensin II receptor blocker (ARB) for hypertension treatment and diabetic nephropathy renal protection.,24.00,30.00,180,20,true,false,Tablet,50mg,Losartan Potassium,Ipca Laboratories,Cardiovascular
Losartan 50mg Tablets - Medreich,LOS-50MG-MED,High-grade ARB blood pressure medication reducing stroke risk in hypertensive patients.,180.00,205.00,120,15,true,false,Tablet,50mg,Losartan Potassium,Medreich,Cardiovascular
Losartan 50mg Tablets - Kent Pharma,LOS-50MG-KEN,Reliable blood pressure medication improving long-term cardiac and kidney outcomes.,180.00,205.00,120,15,true,false,Tablet,50mg,Losartan Potassium,Kent Pharma,Cardiovascular
Amoxicillin 250mg/5mL Oral Suspension,AMX-250-SUS,"Broad-spectrum pediatric antibiotic suspension for ear infections, chest infections, and dental abscesses.",31.00,38.00,150,20,true,false,Suspension,250mg/5mL,Amoxicillin Trihydrate,Generic,Antibiotics
Olanzapine 10mg Tablets,OLA-10MG-GLE,Second-generation atypical antipsychotic for schizophrenia and moderate to severe manic episodes.,86.00,100.00,80,10,true,false,Tablet,10mg,Olanzapine,Glenmark,Mental Health
Oestrogel Pump Pack 750mcg/dose (80g),OES-750-BES,Transdermal 17-beta estradiol gel for hormone replacement therapy (HRT) alleviating menopausal symptoms.,402.00,450.00,50,5,true,false,Gel,750mcg/dose,Estradiol,Besins Healthcare,Women Health
Ibuprofen 5% Gel (100g) - Mentholatum,IBU-5PCT-GEL,"Deep penetrating topical anti-inflammatory gel providing targeted joint, back, and muscular pain relief.",71.00,85.00,120,15,false,false,Gel,5% (100g),Ibuprofen,Mentholatum,Pain Relief
Trimethoprim 100mg Tablets,TRI-100-CRE,Folate antagonist antibiotic indicated for first-line treatment of urinary tract infections (UTIs).,115.00,130.00,100,10,true,false,Tablet,100mg,Trimethoprim,Crescent Pharma,Antibiotics
Tamsulosin 400mcg MR Capsules - Hillcross,TAM-400-HIL,Alpha-1A adrenoceptor blocker for rapid relief of lower urinary tract symptoms in benign prostatic hyperplasia.,139.00,160.00,100,10,true,false,Capsule,400mcg,Tamsulosin Hydrochloride,Hillcross Pharma,Men Health
Tamsulosin 400mcg MR Capsules - Zentiva,TAM-400-ZEN,Modified-release prostate medication improving urinary stream and reducing nighttime voiding.,139.00,160.00,100,10,true,false,Capsule,400mcg,Tamsulosin Hydrochloride,Zentiva,Men Health
Clopidogrel 75mg Tablets - Zentiva,CLO-75MG-ZEN,P2Y12 platelet inhibitor used to prevent atherothrombotic events following stent placement or stroke.,47.00,58.00,150,15,true,false,Tablet,75mg,Clopidogrel Bisulfate,Zentiva,Cardiovascular
Thiamine 100mg Tablets (Vitamin B1),THI-100-BIO,"High-dose Vitamin B1 supplement treating thiamine deficiency, neuropathy, and supporting carbohydrate metabolism.",74.00,85.00,150,15,false,false,Tablet,100mg,Thiamine Hydrochloride,BioVantic Pharma,Vitamins & Supplements
Sildenafil 25mg Tablets - Amarox,SIL-25MG-AMA,PDE5 inhibitor starting dose for erectile dysfunction treatment.,122.00,140.00,80,10,true,false,Tablet,25mg,Sildenafil Citrate,Amarox Pharma,Men Health
Sildenafil 25mg Tablets - Milpharm,SIL-25MG-MIL,Phosphodiesterase type 5 inhibitor for men health and erectile performance.,130.00,150.00,80,10,true,false,Tablet,25mg,Sildenafil Citrate,Milpharm Limited,Men Health
Sildenafil 50mg Tablets - Dr. Reddys,SIL-50MG-DRR,Standard effective dose PDE5 inhibitor for erectile dysfunction management.,54.00,65.00,120,15,true,false,Tablet,50mg,Sildenafil Citrate,Dr. Reddy's Laboratories,Men Health
Sildenafil 50mg Tablets - Lekap,SIL-50MG-LEK,Affordable quality sildenafil citrate tablets for male wellness.,35.00,45.00,120,15,true,false,Tablet,50mg,Sildenafil Citrate,Lekap Pharma,Men Health
Senna 7.5mg Tablets,SEN-75MG-TAB,Natural anthraquinone stimulant laxative providing overnight relief from occasional constipation.,120.00,140.00,180,20,false,false,Tablet,7.5mg,Sennosides,Generic,Gastrointestinal
Nitrofurantoin 100mg Prolonged Release Capsules,NIT-100-MER,First-choice antibiotic for acute uncomplicated urinary tract infections and cystitis.,210.00,240.00,90,10,true,false,Capsule,100mg,Nitrofurantoin,Mercury Pharma,Antibiotics
Amoxicillin 500mg Capsules - Brown & Burk,AMX-500-BRN,"High-potency broad-spectrum aminopenicillin for chest, ear, throat, and sinus infections.",46.00,55.00,200,20,true,true,Capsule,500mg,Amoxicillin Trihydrate,Brown & Burk,Antibiotics
Amoxicillin 500mg Capsules - Medreich,AMX-500-MED,Reliable antibacterial capsules treating broad bacterial infections.,46.00,55.00,200,20,true,true,Capsule,500mg,Amoxicillin Trihydrate,Medreich,Antibiotics
Inhixa 8000iu (80mg/0.8mL) Pre-filled Syringes,INH-8000-SYR,"Low molecular weight heparin (LMWH) anticoagulant for treatment of DVT, pulmonary embolism, and acute coronary syndrome.",804.00,880.00,40,5,true,false,Injection,8000iu (80mg/0.8mL),Enoxaparin Sodium,Techdow Pharma,Cardiovascular
Inhixa 6000iu (60mg/0.6mL) Pre-filled Syringes,INH-6000-SYR,Enoxaparin pre-filled syringes for therapeutic anticoagulation and thrombosis prevention.,607.00,670.00,40,5,true,false,Injection,6000iu (60mg/0.6mL),Enoxaparin Sodium,Techdow Pharma,Cardiovascular
Gaviscon Advance Chewable Tablets,GAV-ADV-TAB,Extra-strength alginate formula forming a robust physical barrier to block acid reflux and soothe heartburn.,144.00,165.00,120,15,false,false,Tablet,Standard,Sodium Alginate + Potassium Bicarbonate,Reckitt Benckiser,Gastrointestinal
Levonorgestrel 1.5mg Emergency Contraceptive - Clydesdale,LEV-15MG-CLY,Single-tablet morning-after emergency contraception effective up to 72 hours post-unprotected intercourse.,74.00,85.00,100,10,false,false,Tablet,1.5mg,Levonorgestrel,Clydesdale Pharma Ltd,Women Health
Levonorgestrel 1.5mg Emergency Contraceptive - Relon Chem,LEV-15MG-REL,Emergency contraceptive pill preventing pregnancy within 72 hours of unprotected intercourse.,74.00,85.00,100,10,false,false,Tablet,1.5mg,Levonorgestrel,Relon Chem,Women Health
Eva One 1.5mg Emergency Contraceptive Tablet,EVA-ONE-TAB,Rapid-acting emergency contraception tablet with proven efficacy and high safety profile.,35.00,42.00,150,15,false,false,Tablet,1.5mg,Levonorgestrel,Eva Pharma,Women Health
Safe & Sound First Aid Plasters Pack,SAF-SND-PLA,"Breathable, hypoallergenic adhesive plasters in assorted sizes for minor cuts and wound protection.",49.00,58.00,150,15,false,false,Plaster,Assorted Pack,Adhesive Dressing Material,Safe & Sound,First Aid
Esomeprazole 20mg Capsules - Mylan,ESO-20MG-MYL,"Daily proton pump inhibitor for heartburn prevention, acid reflux control, and stomach comfort.",131.00,150.00,120,15,false,false,Capsule,20mg,Esomeprazole Magnesium,Mylan / Viatris,Gastrointestinal
Prednisolone 5mg Tablets - Relon Chem,PRE-5MG-REL,"Glucocorticoid steroid for suppressing severe allergic reactions, asthma exacerbations, and inflammatory flares.",57.00,68.00,150,15,true,false,Tablet,5mg,Prednisolone,Relon Chem,Personal Care
Prednisolone 5mg Tablets - Accord,PRE-5MG-ACC,Systemic corticosteroid tablet managing acute inflammatory and autoimmune conditions.,57.00,68.00,150,15,true,false,Tablet,5mg,Prednisolone,Accord Healthcare,Personal Care
Prednisolone 5mg Suppositories,PRE-5MG-SUP,Rectal steroid suppositories for targeted treatment of ulcerative proctitis and local rectal inflammation.,4476.67,4800.00,20,2,true,false,Suppository,5mg,Prednisolone,Pharm AB,Personal Care
Prednisolone 1mg Tablets - Wockhardt,PRE-1MG-WOC,Low-strength prednisolone for precise tapering protocols in chronic autoimmune diseases.,69.00,80.00,100,10,true,false,Tablet,1mg,Prednisolone,Wockhardt,Personal Care
Prednisolone 1mg Tablets - Accord,PRE-1MG-ACC,Micro-dose corticosteroid enabling accurate dose titration and steroid withdrawal management.,69.00,80.00,100,10,true,false,Tablet,1mg,Prednisolone,Accord Healthcare,Personal Care
Glycerol 4g Adult Suppositories,GLY-4G-SUP,Gentle hyperosmotic rectal laxative stimulating rapid bowel evacuation within 15-30 minutes.,66.00,78.00,120,15,false,false,Suppository,4g,Glycerol (Glycerin),Martindale Pharma,Gastrointestinal
Water for Injection (10x10mL Ampoules) - Suhavi,WFI-10X10-SUH,Pack of 10 sterile ampoules (10mL each) for hospital and clinic drug reconstitution.,35.00,42.00,150,15,false,false,Injection,10x10mL,Sterile Water for Injection,Suhavi Pharma,Medical Supplies
Glucogel 40% Dextrose Gel (3x25g),GLU-40PCT-GEL,Fast-acting oral glucose gel tubes for the immediate emergency rescue of hypoglycemic episodes.,144.00,165.00,60,10,false,false,Gel,40% (3x25g),Dextrose (Glucose),BBI Healthcare,Diabetes Care
Rosuvastatin 10mg Tablets - Teva,ROS-10MG-TEV,High-efficacy statin for primary and secondary prevention of atherosclerotic cardiovascular disease.,212.80,240.00,100,10,true,false,Tablet,10mg,Rosuvastatin Calcium,Teva,Cardiovascular
Canesten HC Cream (30g),CAN-HC-30G,"Dual action antifungal & hydrocortisone cream for inflamed fungal skin infections, jock itch, and sweat rash.",152.00,175.00,80,10,false,false,Cream,30g,Clotrimazole 1% + Hydrocortisone 1%,Bayer,Personal Care
Enoxaparin Sodium 4000iu (40mg/0.4mL) Syringes,ENO-4000-SYR,LMWH pre-filled syringe for venous thromboembolism prophylaxis in surgical and medical patients.,450.00,500.00,50,5,true,false,Injection,4000iu (40mg/0.4mL),Enoxaparin Sodium,Sanofi / Generic,Cardiovascular
Cyanocobalamin 50mcg Tablets (Vitamin B12),CYA-50MCG-REM,"Essential Vitamin B12 supplement for nerve function, DNA synthesis, and red blood cell production.",41.00,50.00,150,15,false,false,Tablet,50mcg,Cyanocobalamin,Remedy Pharm,Vitamins & Supplements
Reliwipe Sterile Saline Wound Cleansing Wipes,REL-WND-WIP,"Sterile individual saline wipes for gentle, sting-free cleaning of wounds, grazes, and skin before dressing.",139.00,160.00,100,10,false,false,Cleansing Wipes,Pack of 100,0.9% Sterile Sodium Chloride,Reliance Medical,First Aid
Zovirax Cold Sore Cream (2g),ZOV-CS-2G,Targeted aciclovir antiviral cream speeding up cold sore healing and halting virus replication.,139.00,160.00,100,10,false,false,Cream,5% (2g),Aciclovir,Haleon / GSK,Personal Care
Glyceryl Trinitrate (GTN) 400mcg Sublingual Spray,GTN-400-SPR,Sublingual pump spray for rapid relief and prophylaxis of angina pectoris attacks.,147.00,170.00,80,10,true,false,Spray,400mcg/dose,Glyceryl Trinitrate,Accord Healthcare,Cardiovascular
Numark Antiseptic Cleansing Wipes,NUM-ANT-WIP,Individually wrapped antiseptic cleansing wipes for first-aid skin sanitization.,173.43,200.00,100,10,false,false,Cleansing Wipes,Pack of 100,Chlorhexidine + Cetrimide,Numark,First Aid
Dexamethasone / Neomycin Drops (Maxitrol),DEX-NEO-DRP,Combination steroid and aminoglycoside antibiotic drops for inflammatory ocular and aural infections.,54.00,65.00,90,10,true,false,Eye Drops,5mL,Dexamethasone + Neomycin Sulfate,Novartis,Eye Care
3M Steri-Strip Skin Closures,3M-STR-STP,Adhesive skin closure strips providing wound support and enhanced healing for lacerations and surgical incisions.,180.00,210.00,100,10,false,false,Plaster,Assorted Strips,Non-woven Porous Surgical Material,3M Health Care,First Aid
Tramadol 50mg Capsules,TRA-50MG-SOM,Centrally acting opioid analgesic for the management of moderate to severe acute and chronic pain.,80.00,95.00,80,10,true,false,Capsule,50mg,Tramadol Hydrochloride,Somex Pharma,Pain Relief
Bendroflumethiazide 2.5mg Tablets,BEN-25-CRE,Thiazide diuretic for essential hypertension and mild cardiac edema management.,11.80,16.00,200,20,true,false,Tablet,2.5mg,Bendroflumethiazide,Crescent Pharma,Cardiovascular
Gliclazide 80mg Tablets - Crescent Pack,GLI-80MG-CR2,Oral sulfonylurea promoting endogenous insulin release in Type 2 Diabetes.,139.00,160.00,150,15,true,false,Tablet,80mg,Gliclazide,Crescent Pharma,Diabetes Care
Metformin 500mg Tablets - Glenmark,MET-500-GLE,Antidiabetic tablet controlling blood sugar spikes and improving insulin sensitivity.,35.00,42.00,200,20,true,false,Tablet,500mg,Metformin Hydrochloride,Glenmark,Diabetes Care
Laxido Orange Oral Powder Sachets (30s),LAX-ORG-30S,Macrogol osmotic laxative with balanced electrolytes for chronic constipation and fecal impaction.,184.00,210.00,80,10,false,false,Powder,30 Sachets,Macrogol 3350 + Electrolytes,Galen Limited,Gastrointestinal
Vagisil Medicated Creme (30g),VAG-MED-30G,Fast-acting soothing cream with anesthetic properties for external feminine itching and irritation.,91.00,105.00,90,10,false,false,Cream,30g,Lidocaine 2%,Combe / Vagisil,Women Health
Salofalk 500mg Gastro-Resistant Tablets,SAL-500-FAL,Aminosalicylate anti-inflammatory for acute episodes and maintenance remission of Ulcerative Colitis.,885.00,960.00,40,5,true,false,Tablet,500mg,Mesalazine,Dr. Falk Pharma,Gastrointestinal
Sanatogen A-Z Complete Multivitamins,SAN-AZ-TAB,"Comprehensive daily formulation of 23 essential vitamins and minerals supporting immunity, energy, and vitality.",246.00,280.00,100,10,false,false,Tablet,Standard,Multivitamins & Minerals Formulation,Bayer / Sanatogen,Vitamins & Supplements
Bisoprolol 2.5mg Tablets - Ipca,BIS-25MG-IPC,Low-dose cardioselective beta-blocker for gentle blood pressure control and mild heart failure titration.,35.00,42.00,150,15,true,false,Tablet,2.5mg,Bisoprolol Fumarate,Ipca Laboratories,Cardiovascular
Lansoprazole 15mg Capsules - Milpharm,LAN-15MG-MIL,Proton pump inhibitor maintaining healing of reflux esophagitis and suppressing gastric acid secretion.,139.00,160.00,120,15,true,false,Capsule,15mg,Lansoprazole,Milpharm Limited,Gastrointestinal
Cortiment 9mg Prolonged-Release Tablets,COR-9MG-FER,Locally acting oral budesonide tablet targeting colonic inflammation in mild to moderate ulcerative colitis.,1570.00,1720.00,30,5,true,false,Tablet,9mg,Budesonide,Ferring Pharmaceuticals,Gastrointestinal
Elastoplast Fabric Elastic Plasters,ELA-FAB-PLA,Heavy fabric adhesive dressing adapting to body movements with strong adhesion and wound pad cushioning.,65.00,75.00,150,15,false,false,Plaster,Assorted Pack,Elastic Fabric Dressing Material,Beiersdorf,First Aid
Carvedilol 12.5mg Tablets - Milpharm,CAR-125-MIL,Dual alpha- and non-selective beta-blocker for comprehensive blood pressure lowering and congestive heart failure therapy.,32.00,40.00,120,15,true,false,Tablet,12.5mg,Carvedilol,Milpharm Limited,Cardiovascular
Hyabak 0.15% Eye Drops (10mL),HYA-015-10ML,Preservative-free hypotonic sodium hyaluronate artificial tears compatible with all contact lenses.,193.00,220.00,70,10,false,false,Eye Drops,0.15% (10mL),Sodium Hyaluronate,Thea Laboratories,Eye Care
CENLAX Calcium Sennosides 7.5mg Tablets,CEN-75MG-MAN,Gentle botanical laxative providing predictable overnight relief from constipation.,41.00,50.00,120,15,false,false,Tablet,7.5mg,Calcium Sennosides,Manx Healthcare,Gastrointestinal
Sennosides 7.5mg Tablets - Dawa,SEN-75MG-DAW,Standardized herbal sennosides promoting natural intestinal motility and bowel relief.,24.00,30.00,150,15,false,false,Tablet,7.5mg,Sennosides,Dawa Limited,Gastrointestinal
Sennosides 7.5mg Tablets - Alissa,SEN-75MG-ALI,Reliable stimulant laxative tablets for sluggish digestion and irregularity.,41.00,50.00,120,15,false,false,Tablet,7.5mg,Sennosides,Alissa Healthcare,Gastrointestinal
Accu-Chek FastClix Lancets (102s),ACC-FCL-102,"1-click lancet drums (6 lancets per drum, 17 drums = 102 lancets) with Clixmotion technology for virtually pain-free blood testing.",344.00,380.00,60,10,false,false,Diagnostic,102 Lancets,Sterile Surgical Stainless Steel Lancets,Roche Diabetes Care,Diabetes Care